KEY,EMG,IMU
<<<<<<< Updated upstream
0,25,10.14
1,88,10.13
2,204,10.07
3,190,10.13
4,169,10.07
5,42,10.12
6,254,10.09
7,70,10.09
8,392,10.12
9,160,10.1
10,241,10.1
11,228,10.1
12,97,10.11
13,247,10.11
14,127,10.1
15,148,10.1
16,233,10.1
17,144,10.12
18,120,10.1
19,274,10.13
20,276,10.1
21,67,10.11
22,113,10.12
23,8,10.09
24,23,10.11
25,113,10.1
26,111,10.1
27,408,10.1
28,80,10.1
29,187,10.09
30,145,10.12
31,231,10.1
32,267,10.1
33,330,10.09
34,76,10.11
35,282,10.09
36,203,10.09
37,407,10.1
38,99,10.11
39,149,10.09
40,303,10.11
41,364,10.12
42,83,10.12
43,115,10.11
44,165,10.11
45,273,10.1
46,300,10.09
47,171,10.1
48,112,10.12
49,295,10.09
50,231,10.09
51,265,10.12
52,267,10.1
53,293,10.09
54,81,10.13
55,89,10.1
56,0,10.1
57,329,10.09
58,143,10.11
59,120,10.11
60,337,10.11
61,99,10.09
62,53,10.1
63,288,10.1
64,183,10.1
65,358,10.1
66,104,10.09
67,234,10.09
68,230,10.11
69,145,10.11
70,196,10.11
71,112,10.09
72,209,10.09
73,255,10.07
74,222,10.11
75,67,10.11
76,315,10.09
77,324,10.14
78,155,10.12
79,245,10.09
80,388,10.1
81,129,10.11
82,205,10.1
83,135,10.11
84,0,10.09
85,284,10.11
86,270,10.1
87,66,10.1
88,201,10.12
89,37,10.11
90,87,10.11
91,228,10.1
92,360,10.09
93,105,10.12
94,388,10.13
95,226,10.11
96,76,10.11
97,318,10.1
98,272,10.11
99,141,10.11
100,74,10.11
101,0,10.11
102,150,10.09
103,284,10.11
104,369,10.08
105,44,10.13
106,250,10.1
107,380,10.13
108,392,10.11
109,108,10.11
110,179,10.1
111,173,10.11
112,219,10.11
113,248,10.1
114,26,10.12
115,208,10.11
116,362,10.1
117,124,10.1
118,406,10.11
119,197,10.1
120,201,10.09
121,82,10.11
122,166,10.11
123,260,10.11
124,402,10.09
125,258,10.1
126,130,10.09
127,297,10.1
128,231,10.08
129,283,10.13
130,301,10.07
131,384,10.1
132,206,10.11
133,91,10.1
134,30,10.11
135,6,10.09
136,199,10.09
137,348,10.1
138,69,10.1
139,265,10.12
140,191,10.09
141,101,10.11
142,391,10.1
143,275,10.11
144,88,10.11
145,43,10.12
146,290,10.11
147,232,10.11
148,122,10.09
149,200,10.1
150,385,10.12
151,151,10.1
152,88,10.1
153,0,10.13
154,320,10.13
155,203,10.08
156,145,10.12
157,292,10.12
158,272,10.12
159,287,10.12
160,165,10.11
161,165,10.09
162,237,10.11
163,103,10.12
164,132,10.12
165,204,10.12
166,140,10.11
167,100,10.12
168,166,10.1
169,99,10.12
170,96,10.13
171,334,10.12
172,142,10.12
173,237,10.09
174,345,10.11
175,87,10.1
176,210,10.13
177,217,10.12
178,128,10.11
179,392,10.1
180,189,10.09
181,89,10.12
182,292,10.11
183,215,10.1
184,113,10.1
185,287,10.12
186,128,10.12
187,122,10.08
188,145,10.1
189,264,10.1
190,177,10.11
191,267,10.1
192,244,10.11
193,106,10.1
194,266,10.12
195,310,10.12
196,207,10.09
197,137,10.12
198,201,10.09
199,256,10.11
200,213,10.13
201,305,10.13
202,205,10.08
203,17,10.12
204,25,10.09
205,262,10.12
206,283,10.11
207,166,10.1
208,119,10.14
209,62,10.13
210,54,10.12
211,256,10.09
212,223,10.12
213,137,10.13
214,58,10.09
215,289,10.09
216,268,10.12
217,347,10.19
218,60,10.06
219,250,10.12
220,323,10.08
221,124,10.09
222,122,10.11
223,97,10.1
224,131,10.1
225,369,10.12
226,301,10.08
227,55,10.1
228,296,10.12
229,268,10.09
230,73,10.11
231,390,10.1
232,173,10.11
233,31,10.14
234,295,10.11
235,304,10.12
236,258,10.09
237,284,10.18
238,280,10.12
239,154,10.09
240,38,10.1
241,266,10.12
242,114,10.12
243,318,10.12
243,134,10.11
245,234,10.11
246,268,10.12
247,212,10.09
248,113,10.11
249,248,10.09
250,161,10.15
251,135,10.1
252,264,10.1
253,75,10.12
254,81,10.11
255,191,10.11
256,360,10.1
257,180,10.11
258,42,10.13
259,186,10.11
260,219,10.1
261,142,10.11
262,130,10.11
263,189,10.1
264,234,10.13
265,119,10.1
266,105,10.12
267,219,10.12
268,224,10.12
269,216,10.11
270,292,10.1
271,270,10.11
272,324,10.13
273,374,10.11
274,347,10.11
275,181,10.1
276,175,10.1
277,58,10.11
278,242,10.12
279,224,10.11
280,118,10.1
281,369,10.1
282,119,10.11
283,163,10.11
284,16,10.11
285,124,10.12
286,125,10.1
287,28,10.12
288,309,10.12
289,269,10.11
290,282,10.1
291,161,10.1
292,127,10.12
293,5,10.1
294,180,10.1
295,186,10.11
296,294,10.12
297,173,10.1
298,252,10.11
299,121,10.11
300,296,10.11
301,309,10.11
302,388,10.11
303,303,10.11
304,80,10.11
305,40,10.13
306,263,10.1
307,142,10.1
308,97,10.11
309,320,10.12
310,331,10.11
311,155,10.11
312,119,10.12
313,23,10.11
314,168,10.12
315,161,10.1
316,64,10.09
317,295,10.11
318,77,10.1
319,135,10.1
320,232,10.12
321,78,10.1
322,70,10.12
323,300,10.11
324,264,10.12
325,302,10.12
326,71,10.1
327,13,10.11
328,170,10.11
329,268,10.11
330,264,10.11
331,163,10.12
332,123,10.11
333,217,10.1
334,319,10.12
335,38,10.13
336,53,10.1
337,176,10.1
338,240,10.08
339,157,10.1
340,216,10.11
341,358,10.1
342,281,10.1
343,155,10.13
344,0,10.14
345,270,10.13
346,79,10.1
347,301,10.13
348,300,10.1
349,103,10.12
350,245,10.11
351,216,10.12
352,55,10.12
353,312,10.11
354,173,10.13
355,18,10.13
356,194,10.09
357,137,10.11
358,32,10.11
359,335,10.1
360,284,10.11
361,89,10.1
362,81,10.1
363,245,10.1
364,335,10.12
365,306,10.12
366,93,10.12
367,189,10.09
368,235,10.11
369,28,10.13
370,261,10.1
371,130,10.12
372,191,10.11
373,212,10.09
374,370,10.1
375,163,10.09
376,165,10.1
377,223,10.12
378,287,10.09
379,280,10.13
380,149,10.12
381,185,10.11
382,133,10.1
383,214,10.1
384,233,10.11
385,22,10.12
386,146,10.06
387,91,10.13
388,141,10.09
389,192,10.1
390,355,10.09
391,71,10.11
392,101,10.12
393,182,10.11
394,107,10.13
395,172,10.1
396,207,10.09
397,170,10.12
398,353,10.09
399,22,10.12
400,157,10.12
401,203,10.09
402,75,10.11
403,144,10.11
404,179,10.1
405,223,10.11
406,71,10.1
407,328,10.08
408,238,10.11
409,302,10.12
410,141,10.11
411,116,10.11
412,252,10.11
413,258,10.1
414,283,10.12
415,149,10.1
416,294,10.1
417,146,10.09
418,17,10.09
419,285,10.07
420,107,10.1
421,219,10.1
422,253,10.09
423,271,10.13
424,103,10.08
425,162,10.12
426,215,10.09
427,60,10.12
428,50,10.11
429,365,10.11
430,137,10.11
431,324,10.12
432,287,10.09
433,225,10.12
434,166,10.12
435,36,10.12
436,232,10.1
437,216,10.1
438,240,10.12
439,375,10.11
440,302,10.09
441,225,10.15
442,226,10.05
443,137,10.07
444,169,10.11
445,15,10.13
446,182,10.12
447,315,10.14
448,49,10.16
449,150,10.12
450,172,10.11
451,256,10.12
452,367,10.11
453,290,10.1
454,192,10.1
455,75,10.1
456,274,10.1
457,193,10.1
458,83,10.11
459,22,10.1
460,232,10.1
461,257,10.09
462,169,10.11
463,339,10.11
464,290,10.11
465,288,10.12
466,128,10.13
467,303,10.1
468,113,10.11
469,126,10.11
470,287,10.1
471,256,10.11
472,140,10.11
473,238,10.12
474,101,10.12
475,335,10.11
476,222,10.11
477,27,10.1
478,216,10.13
479,81,10.11
480,294,10.11
481,308,10.13
482,175,10.12
483,63,10.11
484,15,10.1
485,165,10.11
486,220,10.1
487,329,10.11
488,86,10.1
489,186,10.08
490,316,10.12
491,56,10.18
491,314,10.05
493,293,10.18
494,54,10.05
495,243,10.14
496,206,10.07
497,177,10.14
498,259,10.13
499,119,10.09
500,53,10.09
501,125,10.11
502,380,10.11
503,242,10.13
504,72,10.1
505,213,10.1
506,78,10.11
507,174,10.11
508,175,10.12
509,183,10.15
510,237,10.07
511,152,10.13
512,230,10.08
513,224,10.11
514,98,10.12
515,95,10.08
516,14,10.13
517,266,10.09
518,261,10.13
519,204,10.1
520,92,10.12
521,313,10.1
522,205,10.13
523,73,10.11
524,213,10.1
525,30,10.12
526,324,10.1
527,315,10.08
528,216,10.1
529,277,10.12
530,110,10.11
531,139,10.1
532,228,10.17
533,92,10.12
534,103,10.1
535,372,10.13
536,105,10.11
537,303,10.11
538,224,10.09
539,127,10.12
540,0,10.08
541,185,10.13
542,187,9.98
543,34,10.16
544,138,10.06
545,165,10.15
546,275,10.09
547,378,10.16
548,345,10.08
549,359,10.11
550,83,10.11
551,185,10.13
552,367,10.1
553,252,10.11
554,23,10.09
555,386,10.1
556,201,10.11
557,278,10.11
558,242,10.09
559,187,10.09
560,95,10.1
561,70,10.12
562,46,10.12
563,279,10.1
564,119,10.11
565,120,10.12
566,228,10.1
567,79,10.11
568,143,10.1
569,99,10.16
570,258,10.04
571,81,10.16
572,307,10.09
573,303,10.13
574,118,10.09
575,87,10.12
576,258,10.09
577,53,10.1
578,341,10.09
579,250,10.11
580,389,10.1
581,41,10.1
582,192,10.09
583,351,10.11
584,29,10.11
585,99,10.09
586,134,10.1
587,0,10.1
588,319,10.1
589,327,10.11
590,182,10.11
591,93,10.12
592,38,10.11
593,229,10.13
594,152,10.11
595,268,10.08
596,134,10.13
597,239,10.1
598,259,10.1
599,269,10.1
600,343,10.11
601,96,10.09
602,269,10.11
603,67,10.12
604,304,10.1
605,144,10.1
606,254,10.12
607,213,10.09
608,285,10.12
609,111,10.1
610,179,10.1
611,178,10.09
612,104,10.1
613,425,10.11
614,324,10.1
615,255,10.09
616,70,10.12
617,431,10.08
618,159,10.1
619,195,10.1
620,228,10.09
621,201,10.12
622,14,10.13
623,148,10.1
624,111,10.1
625,384,10.12
626,380,10.12
627,380,10.08
628,206,10.12
629,257,10.11
630,99,10.12
631,151,10.09
632,218,10.11
633,217,10.13
634,230,10.11
635,294,10.11
636,252,10.12
637,213,10.11
638,91,10.1
639,130,10.11
640,0,10.11
641,154,10.11
642,231,10.12
643,347,10.12
644,204,10.12
645,78,10.11
646,146,10.11
647,239,10.1
648,165,10.09
649,363,10.12
650,88,10.1
651,221,10.07
652,66,10.13
653,221,10.11
654,383,10.11
655,86,10.09
656,130,10.1
657,0,10.1
658,409,10.1
659,299,10.1
660,28,10.1
661,241,10.11
662,242,10.12
663,405,10.11
664,238,10.11
665,55,10.12
666,255,10.1
667,238,10.12
668,195,10.16
669,31,10.12
670,171,10.02
671,195,10.12
672,95,10.12
673,108,10.08
674,18,10.1
675,182,10.11
676,303,10.12
677,50,10.09
678,120,10.1
679,150,10.08
680,386,10.11
681,292,10.1
682,169,10.09
683,124,10.11
684,123,10.12
685,225,10.1
686,209,10.11
687,282,10.1
688,135,10.1
689,189,10.1
690,59,10.1
691,260,10.1
692,191,10.11
693,18,10.11
694,141,10.11
695,279,10.11
696,174,10.13
697,159,10.11
698,39,10.1
699,1,10.09
700,334,10.1
701,304,10.1
702,23,10.11
703,32,10.12
704,224,10.11
705,233,10.11
706,249,10.13
707,103,10.13
708,174,10.1
709,50,10.09
710,158,10.11
711,171,10.1
712,164,10.08
713,96,10.1
714,101,10.1
715,231,10.11
716,236,10.08
717,100,10.1
718,153,10.12
719,133,10.12
720,315,10.11
721,384,10.11
722,38,10.11
723,300,10.12
724,352,10.12
725,107,10.11
726,146,10.09
727,268,10.11
728,211,10.13
729,74,10.11
730,276,10.1
731,17,10.1
732,158,10.13
733,279,10.13
734,326,10.11
735,247,10.13
736,252,10.11
737,57,10.1
738,297,10.11
739,272,10.1
740,105,10.1
741,395,10.07
742,292,10.09
743,177,10.14
744,338,10.06
745,89,10.09
746,178,10.14
747,414,10.08
748,39,10.1
749,139,10.11
750,258,10.12
751,84,10.11
752,142,10.1
753,255,10.12
754,63,10.11
755,76,10.08
756,165,10.11
757,315,10.11
758,146,10.11
759,307,10.11
760,163,10.11
761,75,10.09
762,243,10.1
763,176,10.1
764,41,10.11
765,234,10.1
766,371,10.12
767,242,10.11
768,78,10.11
769,128,10.11
770,179,10.1
771,335,10.09
772,266,10.12
773,18,10.13
774,299,10.11
775,381,10.12
776,385,10.09
777,87,10.09
778,155,10.12
779,263,10.11
780,112,10.11
781,116,10.13
782,127,10.09
783,49,10.11
784,346,10.11
785,35,10.12
786,234,10.11
787,253,10.11
788,177,10.11
789,249,10.1
790,202,10.13
791,53,10.11
792,337,10.12
793,296,10.09
794,282,10.11
795,345,10.09
796,170,10.1
797,350,10.1
798,238,10.09
799,198,10.11
800,367,10.1
801,85,10.12
802,232,10.09
803,306,10.11
804,20,10.12
805,60,10.13
806,259,10.09
807,81,10.12
808,117,10.11
809,125,10.1
810,87,10.1
811,129,10.13
812,45,10.11
813,16,10.12
814,309,10.12
815,5,10.1
816,225,10.12
817,290,10.06
818,165,10.25
819,272,9.98
820,119,10.23
821,198,10.1
822,96,10.08
823,14,10.14
824,346,10.09
825,331,10.05
826,356,10.11
827,95,10.11
828,211,10.11
829,108,10.1
830,384,10.11
831,81,10.11
832,320,10.1
833,201,10.11
834,273,10.05
835,281,10.17
836,408,10.12
837,61,10.05
838,221,10.09
839,369,10.06
840,127,10.16
841,144,10.1
842,308,10.12
843,404,10.09
844,104,10.11
845,270,10.14
846,134,10.1
847,154,10.11
848,229,10.1
849,361,10.12
850,296,10.12
851,252,10.09
852,106,10.12
853,101,10.11
854,324,10.09
855,303,10.09
856,194,10.15
857,50,10.12
858,181,10.08
859,281,10.13
860,396,10.08
861,56,10.13
862,331,10.08
863,289,10.13
864,166,10.09
865,63,10.12
866,357,10.09
867,235,10.11
868,302,10.11
869,279,10.12
870,195,10.09
871,170,10.11
872,112,10.12
873,61,10.11
874,239,10.12
875,242,10.11
876,267,10.11
877,143,10.12
878,421,10.12
879,285,10.1
880,48,10.11
881,281,10.12
882,211,10.12
883,255,10.1
884,1,10.11
885,185,10.11
886,64,10.09
887,305,10.13
888,31,10.11
889,271,10.15
890,291,10.1
891,330,10.12
892,233,10.1
893,266,10.14
894,235,10.09
895,67,10.12
896,142,10.11
897,174,10.11
898,282,10.09
899,54,10.12
900,204,10.12
901,279,10.11
902,102,10.12
903,111,10.11
904,92,10.1
905,26,10.09
906,153,10.13
907,369,10.14
908,435,10.13
909,88,10.08
910,214,10.09
911,123,10.1
912,336,10.12
913,29,10.12
914,88,10.11
915,119,10.1
916,316,10.12
917,373,10.13
918,79,10.15
919,187,10.11
920,382,10.14
921,66,10.28
922,287,9.98
923,366,10.03
924,377,10.09
925,210,10.08
926,195,10.07
927,132,10.05
928,213,10.07
929,215,10.17
930,404,10.12
931,180,10.11
932,258,10.1
933,15,10.09
934,216,9.99
935,298,10.15
936,143,10.07
937,270,10.15
938,354,10.08
939,196,10.09
940,65,10.14
941,238,10.14
942,254,10.12
943,104,10.1
944,342,10.13
945,91,10.1
946,204,10.09
947,192,10.11
948,258,10.11
949,120,10.13
950,209,10.11
951,301,10.12
952,234,10.1
953,93,10.12
954,313,10.12
955,132,10.09
956,170,10.12
957,263,10.11
958,141,10.11
959,124,10.11
960,19,10.1
961,308,10.11
962,57,10.12
963,228,10.1
964,250,10.14
965,67,10.11
966,162,10.1
967,304,10.12
968,187,10.12
968,234,10.1
970,291,10.08
971,66,10.11
972,61,10.12
973,185,10.08
974,186,10.08
975,309,10.13
976,105,10.12
977,222,10.1
978,28,10.1
979,382,10.11
980,397,10.09
981,220,10.1
982,119,10.13
983,65,10.12
984,50,10.12
985,187,10.11
986,206,10.07
987,104,10.12
988,203,10.11
989,113,10.11
990,201,10.12
991,113,10.12
992,330,10.12
993,372,10.11
994,51,10.12
995,148,10.11
996,159,10.12
997,99,10.12
998,52,10.12
999,384,10.1
999,362,10.12
1000,147,10.12
1000,230,10.13
1000,255,10.12
1000,310,10.12
1000,153,10.09
1000,330,10.1
1000,113,10.11
1000,188,10.11
1000,304,10.11
1000,190,10.1
1000,389,10.11
1000,141,10.13
1000,249,10.12
1000,334,10.1
1000,142,10.11
1000,115,10.1
1000,236,10.11
1000,53,10.11
1000,298,10.14
1000,199,10.12
1000,384,10.12
1000,179,10.09
1000,249,10.09
1000,71,10.1
1000,197,10.1
1000,301,10.1
1000,52,10.1
1000,126,10.12
1000,56,10.15
1000,157,10.07
1000,212,10.08
1000,141,10.11
1000,271,10.13
1000,291,10.1
1000,279,10.12
1000,308,10.11
1001,144,10.12
1006,209,10.14
1003,31,10.11
1021,247,10.13
1021,228,10.1
1026,123,10.13
1027,113,10.12
1028,293,10.09
1032,104,10.12
1036,159,10.12
1036,380,10.11
1038,285,10.11
1038,102,10.11
1038,170,10.12
1040,323,10.12
1044,250,10.09
1044,187,10.1
1045,278,10.12
1048,416,10.1
1049,135,10.11
1047,65,10.11
1052,105,10.11
1052,182,10.1
1055,354,10.11
1057,42,10.11
1057,380,10.11
1060,235,10.13
1062,44,10.11
1062,40,10.1
1065,98,10.09
1066,260,10.12
1067,257,10.11
1069,242,10.09
1068,66,10.11
1069,91,10.12
1072,302,10.11
1073,219,10.11
1073,334,10.12
1074,241,10.09
1076,123,10.13
1076,227,10.11
1077,57,10.1
1079,340,10.1
1080,276,10.12
1081,132,10.12
1081,393,10.11
1082,204,10.1
1084,372,10.1
1085,208,10.12
1086,279,10.1
1087,146,10.11
1088,249,10.13
1089,348,10.12
1090,380,10.1
1091,306,10.1
1092,123,10.09
1093,92,10.09
1094,194,10.11
1095,401,10.08
1095,282,10.12
1097,250,10.12
1098,215,10.11
1099,65,10.11
1100,176,10.12
1101,31,10.11
1102,250,10.1
1103,362,10.09
1104,290,10.14
1105,43,10.09
1106,149,10.11
1107,233,10.11
1108,263,10.12
1109,152,10.1
1109,199,10.11
1111,304,10.11
1112,81,10.12
1113,216,10.12
1114,185,10.11
1115,283,10.1
1116,167,10.13
1117,211,10.14
1118,206,10.12
1119,35,10.12
1120,259,10.1
1121,324,10.1
1122,109,10.09
1123,87,10.1
1124,226,10.12
1125,159,10.11
1126,249,10.13
1127,102,10.11
1128,141,10.1
1129,195,10.09
1130,79,10.09
1131,157,10.11
1132,173,10.11
1133,243,10.1
1134,143,10.09
1135,390,10.11
1136,144,10.13
1137,85,10.13
1138,87,10.13
1139,206,10.1
1140,146,10.12
1141,227,10.12
1142,95,10.13
1143,228,10.12
1144,332,10.12
1145,165,10.11
1146,133,10.1
1147,59,10.11
1148,168,10.11
1149,294,10.11
1150,136,10.1
1151,135,10.1
1152,101,10.12
1153,282,10.12
1154,47,10.11
1155,119,10.14
1156,208,10.12
1157,204,10.09
1158,358,10.1
1159,230,10.09
1160,38,10.1
1161,68,10.1
1162,247,10.12
1163,234,10.09
1164,242,10.12
1165,301,10.12
1166,95,10.13
1167,165,10.09
1168,109,10.13
1169,398,10.11
1170,416,10.1
1171,98,10.11
1172,182,10.12
1173,343,10.21
1174,225,10.18
1175,357,10.06
1176,363,10.06
1177,171,10.12
1178,283,10.12
1179,328,10.11
1180,323,10.04
1181,25,9.83
1182,198,10.77
1183,199,10.36
1184,251,10.24
1185,373,10.25
1186,30,10.07
1187,249,10.26
1188,305,9.93
1189,216,10.07
1190,149,10.1
1191,275,9.95
1192,84,10.21
1193,270,10.05
1194,121,10.34
1195,202,10.31
1196,142,10.09
1196,320,10.16
1198,51,9.99
1199,231,10.12
1200,76,10.11
1201,197,10.1
1202,62,10.08
1203,213,10.12
1203,329,10.12
1205,354,10.1
1205,176,10.09
1206,54,10.11
1208,66,10.09
1208,221,10.13
1210,305,10.08
1211,193,10.13
1212,125,10.13
1213,388,10.11
1214,207,10.08
1215,408,10.21
1216,40,10.02
1217,177,10.07
1218,308,10.17
1219,404,10.08
1220,93,10.06
1221,365,10.11
1222,104,10.11
1223,392,10.1
1224,156,10.11
1225,53,10.08
1226,29,10.11
1227,195,10.16
1228,159,10.08
1229,300,10.13
1230,164,10.08
1231,347,10.15
1232,262,10.08
1233,59,10.13
1234,232,10.1
1235,180,10.11
1236,174,10.13
1237,298,10.11
1238,161,10.11
1239,233,10.1
1240,101,10.1
1241,382,10.1
1242,55,10.09
1243,9,10.11
1244,110,10.12
1245,269,10.1
1246,206,10.09
1247,132,10.15
1248,295,10.11
1249,156,10.14
1250,264,10.12
1251,90,10.1
1252,165,10.12
1253,366,10.09
1254,147,10.11
1255,94,10.08
1256,115,10.12
1257,260,10.08
1258,200,10.11
1259,78,10.12
1260,94,10.13
1261,178,10.08
1262,95,10.11
1263,127,10.11
1264,274,10.1
1265,347,10.1
1266,359,10.1
1267,381,10.12
1268,119,10.12
1269,199,10.11
1270,141,10.11
1271,52,10.12
1272,72,10.1
1273,235,10.12
1274,250,10.11
1275,387,10.08
1276,24,10.1
1277,205,10.11
1278,214,10.07
1279,120,10.12
1280,214,10.1
1281,210,10.11
1282,146,10.09
1283,130,10.11
1284,42,10.11
1285,366,10.09
1286,148,10.1
1287,324,10.1
1288,151,10.1
1289,302,10.11
1290,329,10.11
1291,215,10.09
1292,165,10.12
1293,222,10.1
1294,141,10.12
1295,97,10.12
1296,237,10.1
1297,284,10.11
1298,203,10.1
1299,160,10.12
1300,320,10.08
1301,51,10.13
1302,66,10.11
1303,148,10.1
1304,123,10.1
1305,194,10.09
1306,277,10.12
1307,345,10.12
1308,113,10.12
1309,124,10.12
1310,271,10.13
1311,255,10.11
1312,173,10.08
1313,91,10.12
1314,139,10.08
1315,191,10.11
1316,265,10.13
1317,125,10.11
1318,141,10.1
1319,169,10.11
1320,193,10.13
1321,237,10.1
1322,171,10.12
1323,322,10.12
1324,150,10.12
1325,167,10.11
1326,145,10.1
1327,298,10.11
1328,273,10.1
1329,212,10.12
1330,127,10.1
1331,239,10.11
1332,248,10.13
1333,70,10.09
1334,157,10.07
1335,228,10.15
1336,237,10.12
1337,267,10.09
1338,170,10.13
1339,256,10.08
1340,257,10.11
1341,95,10.12
1342,227,10.12
1343,34,10.11
1344,217,10.08
1345,287,10.1
1346,244,10.11
1347,95,10.1
1348,161,10.1
1349,199,10.08
1350,66,10.08
1351,159,10.23
1352,225,10.17
1353,166,10.14
1354,176,10.07
1355,271,10.05
1356,231,10.1
1357,207,10.07
1358,319,10.1
1359,114,10.12
1360,115,10.12
1361,128,10.12
1362,290,10.08
1363,245,10.13
1364,161,10.12
1365,108,10.14
1366,244,10.09
1367,89,10.08
1368,195,10.13
1369,369,10.14
1370,160,10.12
1371,250,10.09
1372,131,10.13
1373,125,10.12
1374,252,10.12
1375,256,10.15
1376,45,10.12
1377,193,10.09
1378,243,10.13
1379,348,10.12
1380,233,10.11
1381,281,10.11
1382,171,10.12
1383,168,10.09
1384,362,10.1
1385,58,10.18
1386,206,10.07
1387,206,10.14
1388,208,10.06
1389,132,10.14
1390,105,10.06
1391,238,10.08
1392,206,10.1
1393,129,10.1
1394,165,10.12
1395,82,10.13
1396,235,10.1
1397,297,10.09
1398,139,10.1
1399,368,10.09
1400,244,10.12
1401,81,10.11
1402,272,10.13
1403,103,10.14
1404,64,10.11
1405,213,10.1
1406,101,10.11
1407,194,10.11
1408,73,10.15
1409,137,10.08
1410,360,10.11
1411,231,10.13
1412,262,10.16
1413,101,10.02
1414,97,9.68
1415,135,10.07
1416,242,9.99
1417,144,10.04
1418,283,10.05
1419,379,10.11
1420,129,10.09
1421,258,10.14
1422,31,10.15
1423,200,10.14
1424,194,10.05
1425,145,10.12
1426,196,10.09
1427,209,10.12
1428,146,10.07
1429,92,10.07
1430,206,10.13
1431,398,10.11
1432,116,10.12
1433,77,10.11
1434,233,10.07
1435,215,10.01
1436,179,10.15
1437,290,10.2
1438,359,10.05
1439,130,10.13
1440,301,10.15
1441,201,10.08
1442,266,10.09
1443,262,10.15
1444,288,10.06
1445,120,10.08
1446,175,10.09
1447,252,10.13
1448,260,10.1
1449,249,10.13
1450,260,10.24
1451,240,10.02
1452,238,10.06
1453,347,10.07
1454,298,10.07
1455,129,10.15
1456,286,10.09
1457,65,10.07
1458,71,10.1
1459,124,10.06
1460,320,10.08
1461,147,10.12
1462,171,10.17
1463,174,10.06
1464,94,9.89
1465,229,9.92
1466,232,9.88
1467,396,10.1
1468,256,10.14
1469,30,10.07
1470,201,10.03
1471,246,10.1
1472,110,10.14
1473,54,10.1
1474,375,10.22
1475,61,9.95
1476,55,10.23
1477,226,10.08
1478,156,10.22
1479,152,10.04
1480,115,10.17
1481,191,10.12
1482,10,10.14
1483,278,10.09
1484,267,10.09
1485,118,10.11
1486,32,10.12
1487,215,10.16
1488,251,9.94
1489,225,9.99
1490,232,10.19
1491,265,10.19
1492,183,10.08
1493,220,10.07
1494,87,10.09
1495,144,10.09
1496,251,10.1
1497,125,10.11
1498,255,10.12
1499,111,10.1
1500,168,10.1
1501,204,10.11
1502,319,10.13
1503,206,10.11
1504,423,10.11
1505,307,10.08
1506,74,10.08
1507,316,10.14
1508,263,10.11
1509,161,10.13
1510,286,10.11
1511,253,10.06
1512,142,10.11
1513,261,10.16
1514,136,10.05
1515,162,10.15
1516,155,10.09
1517,278,10.15
1518,75,10.08
1519,76,10.11
1520,218,10.11
1521,146,10.1
1522,93,10.1
1523,110,10.12
1524,267,10.1
1525,40,10.09
1526,129,10.1
1527,222,10.11
1528,266,10.09
1529,116,10.08
1530,143,10.13
1531,85,10.11
1532,246,10.14
1533,311,10.11
1534,213,10.11
1535,158,10.12
1536,135,10.13
1537,156,10.1
1538,313,10.11
1539,364,10.1
1540,271,10.11
1541,105,10.1
1542,260,10.14
1543,222,10.11
1544,337,10.1
1545,118,10.11
1546,263,10.09
1547,251,10.11
1548,65,10.11
1549,125,10.12
1550,154,10.09
1551,183,10.11
1552,138,10.1
1553,316,10.1
1554,320,10.1
1555,115,10.1
1556,293,10.13
1557,234,10.11
1558,225,10.12
1559,322,10.12
1560,140,10.11
1561,294,10.11
1562,151,10.11
1563,87,10.12
1564,207,10.11
1565,293,10.11
1566,187,10.11
1567,198,10.12
1568,312,10.1
1569,191,10.11
1570,105,10.13
1571,225,10.12
1572,191,10.11
1573,397,10.11
1574,215,10.13
1575,149,10.11
1576,277,10.11
1577,264,10.12
1578,249,10.11
1579,114,10.1
1580,330,10.11
1581,109,10.1
1582,130,10.09
1583,179,10.12
1584,233,10.1
1585,320,10.11
1586,343,10.14
1587,129,10.12
1588,120,10.13
1589,290,10.12
1590,284,10.07
1591,318,10.15
1592,249,10.11
1593,198,10.11
1594,300,10.11
1595,161,10.1
1596,95,10.12
1597,365,10.13
1598,265,10.1
1599,272,10.1
1600,271,10.1
1601,233,10.13
1602,87,10.1
1603,225,10.12
1604,270,10.09
1605,281,10.12
1606,28,10.11
1607,265,10.09
1608,99,10.1
1609,57,10.1
1610,275,10.1
1611,369,10.11
1612,116,10.11
1613,171,10.1
1614,347,10.1
1615,268,10.1
1616,101,10.1
1617,158,10.1
1618,225,10.11
1619,140,10.12
1620,52,10.1
1621,162,10.11
1622,387,10.12
1623,107,10.1
1624,198,10.08
1625,194,10.12
1626,229,10.11
1627,278,10.13
1628,252,10.11
1629,163,10.11
1630,176,10.14
1631,306,10.09
1632,118,10.09
1633,354,10.1
1634,370,10.11
1635,289,10.11
1636,94,10.1
1637,243,10.13
1638,207,10.08
1639,273,10.09
1640,45,10.12
1641,220,10.07
1642,357,10.09
1643,298,10.1
1644,70,10.11
1645,251,10.12
1646,251,10.12
1647,316,10.11
1648,162,10.12
1649,73,10.11
1650,26,10.12
1651,337,10.13
1652,259,10.12
1653,275,10.11
1654,221,10.1
1655,238,10.12
1656,194,10.12
1657,44,10.1
1658,26,10.1
1659,189,10.11
1660,359,10.12
1661,266,10.13
1662,244,10.12
1663,295,10.09
1664,345,10.1
1665,310,10.13
1666,113,10.11
1667,131,10.11
1668,269,10.1
1669,54,10.11
1670,232,10.12
1671,118,10.11
1672,193,10.09
1673,235,10.1
1674,234,10.11
1675,101,10.12
1676,282,10.11
1677,127,10.1
1678,238,10.12
1679,195,10.11
1680,189,10.1
1681,291,10.11
1682,111,10.1
1683,152,10.1
1684,263,10.1
1685,161,10.11
1686,148,10.12
1687,317,10.1
1688,141,10.07
1689,174,10.12
1690,380,10.11
1691,159,10.1
1692,224,10.11
1693,278,10.11
1694,286,10.12
1695,267,10.12
1696,137,10.11
1697,239,10.11
1698,167,10.11
1699,127,10.12
1700,346,10.11
1701,381,10.11
1702,142,10.12
1703,129,10.09
1704,191,10.09
1705,296,10.11
1706,310,10.12
1707,156,10.11
1708,110,10.11
1709,117,10.1
1710,303,10.09
1711,264,10.13
1712,121,10.1
1713,342,10.12
1714,170,10.09
1715,223,10.1
1716,220,10.11
1717,232,10.09
1718,351,10.1
1719,166,10.12
1720,283,10.12
1721,188,10.08
1722,189,10.14
1723,244,10.11
1724,62,10.11
1725,245,10.1
1726,298,10.12
1727,19,10.13
1728,198,10.12
1729,103,10.1
1730,315,10.11
1731,177,10.1
1732,208,10.1
1733,131,10.13
1734,278,10.12
1735,224,10.1
1736,86,10.11
1737,216,10.12
1738,167,10.13
1739,88,10.1
1740,187,10.11
1741,177,10.08
1742,111,10.1
1743,108,10.14
1744,180,10.14
1745,231,10.09
1746,194,10.09
1747,273,10.12
1748,219,10.15
1749,247,10.07
1750,73,10.16
1751,208,10.03
1752,164,10.0
1753,55,10.14
1754,235,10.1
1755,216,10.11
1756,155,10.11
1757,200,10.12
1758,153,10.08
1759,69,10.11
1760,97,10.11
1761,176,10.12
1762,218,10.1
1763,166,10.09
1764,139,10.11
1765,184,10.12
1766,328,10.1
1767,167,10.1
1768,188,10.11
1769,245,10.11
1770,386,10.11
1771,293,10.12
1772,406,10.13
1773,282,10.1
1774,318,10.12
1775,47,10.1
1776,329,10.11
1777,37,10.1
1778,106,10.13
1779,178,10.1
1780,42,10.11
1781,139,10.09
1782,216,10.11
1783,225,10.11
1784,0,10.08
1785,180,10.13
1786,30,10.13
1787,236,10.08
1788,280,10.14
1789,281,10.1
1790,1,10.13
1791,109,10.1
1792,364,10.12
1793,269,10.1
1794,103,10.09
1795,278,10.11
1796,93,10.09
1797,252,10.12
1798,144,10.06
1799,80,10.12
1800,350,10.15
1801,65,10.09
1802,0,10.14
1803,284,10.08
1804,111,10.09
1805,175,10.08
1806,182,10.11
1807,239,10.11
1808,261,10.13
1809,213,10.1
1810,60,10.1
1811,225,10.09
1812,193,10.1
1813,302,10.12
1814,225,10.1
1815,265,10.14
1816,369,10.09
1817,45,10.11
1818,256,10.12
1819,378,10.12
1820,308,10.09
1821,269,10.12
1822,170,10.11
1823,97,10.11
1824,282,10.09
1825,345,10.16
1826,212,10.08
1827,381,10.11
1828,121,10.08
1829,165,10.08
1830,203,10.15
1831,143,10.13
1832,378,10.09
1833,147,10.12
1834,302,10.09
1835,105,10.12
1836,191,10.1
1837,225,10.1
1838,249,10.1
1839,260,10.1
1840,293,10.12
1841,219,10.13
1842,302,10.08
1843,377,10.1
1844,16,10.11
1845,240,10.11
1846,190,10.11
1847,280,10.1
1848,308,10.11
1849,352,10.11
1849,109,10.12
1850,125,10.1
1852,1,10.09
1853,255,10.12
1854,265,10.11
1855,222,10.12
1856,176,10.12
1857,120,10.12
1858,62,10.11
1859,178,10.13
1860,275,10.13
1861,192,10.1
1862,160,10.12
1863,315,10.1
1864,142,10.11
1865,55,10.1
1866,85,10.13
1867,335,10.1
1868,153,10.11
1869,186,10.11
1870,91,10.14
1871,73,10.12
1872,228,10.11
1873,91,10.11
1874,286,10.09
1875,139,10.11
1876,45,10.13
1877,230,10.09
1878,173,10.1
1879,65,10.1
1880,23,10.09
1881,180,10.11
1882,359,10.12
1883,277,10.1
1884,229,10.1
1885,1,10.1
1886,208,10.11
1887,356,10.12
1888,159,10.11
1889,339,10.13
1890,136,10.11
1891,182,10.09
1892,292,10.1
1893,123,10.11
1894,308,10.11
1895,261,10.1
1896,331,10.12
1897,162,10.09
1898,0,10.1
1899,268,10.11
1900,141,10.14
1901,361,10.11
1902,28,10.09
1903,254,10.11
1904,141,10.1
1905,159,10.1
1906,349,10.1
1907,262,10.1
1908,280,10.09
1909,67,10.1
1910,214,10.03
1911,215,10.09
1912,353,10.09
1913,115,10.11
1914,275,10.12
1915,208,10.08
1916,280,10.23
1917,136,9.9
1918,183,9.96
1919,84,10.18
1920,365,10.15
1921,372,9.98
1922,155,10.01
1923,0,10.38
1924,254,10.15
1925,208,10.17
1926,83,10.11
1927,332,10.0
1928,193,10.03
1929,107,10.2
1930,233,10.0
1931,255,10.09
1932,93,10.06
1933,99,10.1
1934,162,10.09
1935,135,10.07
1936,160,10.09
1937,269,10.09
1938,302,10.12
1939,262,10.11
1940,18,10.11
1941,227,10.14
1942,97,10.12
1943,3,10.11
1944,79,10.08
1945,195,10.03
1946,256,10.12
1947,160,10.1
1948,195,10.07
1949,256,10.09
1950,233,10.14
1951,104,10.12
1951,221,10.08
1953,0,10.07
1954,174,10.21
1955,156,10.09
1956,327,10.18
1957,108,10.08
1958,162,10.17
1959,352,10.03
1960,213,10.07
1961,22,10.09
1962,136,10.12
1963,0,10.1
1964,0,10.13
1965,0,10.14
1966,1023,10.07
1967,532,10.11
1968,800,10.1
1969,1023,10.09
1970,225,10.11
1971,1023,10.12
1972,1023,10.19
1973,1023,10.03
1974,1020,10.25
1975,1011,10.02
1976,515,10.26
1977,0,6.66
1978,1023,12.86
1979,1023,11.48
1980,573,9.91
1981,289,10.27
1982,0,9.88
1983,463,10.37
1984,174,9.99
1985,89,9.87
1986,0,10.22
1987,0,10.18
1988,31,10.03
1989,0,9.95
1990,425,10.49
1991,34,9.75
1992,2,10.36
1993,49,9.58
1994,299,9.96
1995,0,10.05
1996,0,9.95
1997,0,11.01
1998,284,9.9
1999,0,10.1
2000,290,9.72
2000,438,10.19
2000,0,9.87
2000,578,10.4
2000,0,10.38
2000,0,9.64
2000,183,10.31
2001,0,10.38
2001,23,9.4
2003,0,10.67
2004,1023,9.88
2005,770,9.42
2007,607,8.69
2008,53,13.06
2010,0,8.7
2013,0,9.96
2014,0,9.94
2017,143,10.1
2018,146,10.48
2019,0,9.84
2020,380,10.32
2021,0,9.86
2022,1023,10.34
2023,0,10.29
2024,37,10.22
2025,0,10.19
2026,0,10.47
2027,0,10.08
2028,32,10.99
2029,78,8.97
2030,23,9.54
2031,79,10.12
2032,0,9.67
2033,0,9.94
2034,0,10.39
2035,49,11.11
2036,1023,10.21
2037,1023,9.98
2038,1023,9.4
2039,1023,10.52
2040,559,9.63
2041,427,10.46
2042,526,9.61
2043,88,10.27
2044,0,10.18
2045,0,10.32
2046,761,10.35
2047,338,10.39
2048,665,9.44
2049,467,9.32
2050,273,9.46
2050,0,10.71
2052,356,10.51
2053,0,10.37
2054,0,10.32
2055,37,10.3
2056,23,9.97
2057,0,10.15
2058,0,9.21
2059,782,10.16
2060,86,10.39
2061,0,10.38
2062,126,10.18
2063,36,10.02
2064,36,10.04
2065,0,10.02
2066,31,10.21
2067,0,10.16
2068,0,10.06
2069,66,10.06
2070,27,10.01
2071,61,9.97
2072,30,10.1
2073,98,10.31
2074,141,9.95
2075,149,9.91
2076,0,9.74
2077,78,9.9
2078,69,9.98
2079,0,10.07
2080,254,10.36
2081,32,9.73
2082,0,10.01
2083,38,10.09
2084,0,10.16
2085,0,10.09
2086,0,9.99
=======
>>>>>>> Stashed changes
